<?xml version="1.0" encoding="UTF-8"?>
<jcr:root xmlns:jcr="http://www.jcp.org/jcr/1.0" xmlns:sling="http://sling.apache.org/jcr/sling/1.0"
    jcr:primaryType="sling:OrderedFolder"
    jcr:title="ACS AEM Commons"
    id="acs-commons">
    <generic-lists/>
    <redirect-manager/>
    <contentsync/>
    <reports/>
    <exporters/>
    <manage-controlled-processes/>
    <bulk-workflow-manager/>
    <content-packagers/>
    <automatic-package-replication/>
    <version-replicator/>
    <audit-log-search/>
    <sort-nodes/>
    <system-notifications/>
    <dispatcher-flush/>
    <redirect-maps/>
    <version-compare/>
    <page-compare/>
    <jcr-compare/>
    <dynamic-deck-dynamo/>
    <qr-code/>
</jcr:root>
